{
  "model": "lasso",
  "target": "G3",
  "pass_threshold": 10.0,
  "interaction_pairs": [
    "studytime*absences",
    "studytime*failures",
    "schoolsup*failures",
    "internet*studytime",
    "Medu*Fedu"
  ],
  "experiment_id": "early_warning__with_interactions",
  "include_prior_grades": false,
  "use_interactions": true,
  "is_interpretable": true,
  "is_exploratory": false,
  "rmse": 3.4027615593628506,
  "mae": 2.3952181024998147,
  "r2": 0.2061599484756782,
  "pass_fail_accuracy": 0.7942583732057417,
  "pass_fail_precision": 0.8571428571428571,
  "pass_fail_recall": 0.8834355828220859,
  "pass_fail_f1": 0.8700906344410877,
  "cv_rmse_mean": 3.39043252400151,
  "cv_rmse_std": 0.15637746294727847,
  "cv_mae_mean": 2.4672212197742045,
  "cv_mae_std": 0.18643100440376092,
  "cv_r2_mean": 0.2271750658931168,
  "cv_r2_std": 0.023847024385847414,
  "cv_pass_fail_accuracy_mean": 0.7845049687154951,
  "cv_pass_fail_accuracy_std": 0.014210849943270827,
  "cv_pass_fail_precision_mean": 0.8533579314396468,
  "cv_pass_fail_precision_std": 0.018646587856301865,
  "cv_pass_fail_recall_mean": 0.8735812480739333,
  "cv_pass_fail_recall_std": 0.011618404342854223,
  "cv_pass_fail_f1_mean": 0.8632077986494467,
  "cv_pass_fail_f1_std": 0.011094150952677104,
  "selection_reason": "Best CV RMSE among interpretable models excluding G1/G2."
}